{
    "iteration_1": {
        "params": {
            "base_model_name": "EfficientNetB0",
            "batch_size": 32,
            "initial_learning_rate": 0.001,
            "initial_epochs": 2,
            "dual_stage": false
        },
        "logs": {
            "accuracy": [
                0.9114285707473755,
                0.9864285588264465
            ],
            "loss": [
                0.25117823481559753,
                0.0641234740614891
            ],
            "val_accuracy": [
                0.9933333396911621,
                0.9933333396911621
            ],
            "val_loss": [
                0.06608302146196365,
                0.03970078006386757
            ],
            "learning_rate": [
                0.0010000000474974513,
                0.0010000000474974513
            ]
        },
        "test": {
            "loss": 0.04258207604289055,
            "compile_metrics": 0.9933554530143738
        },
        "timestamp": "2025-08-28T12:29:59.538958",
        "training_type": "single_stage"
    }
}