{
    "iteration_1": {
        "params": {
            "base_model_name": "EfficientNetB0",
            "batch_size": 64,
            "initial_learning_rate": 0.001,
            "initial_epochs": 15,
            "dual_stage": true,
            "img_size": [
                128,
                128
            ],
            "custom_img_size": [
                128,
                128
            ],
            "unfreeze_percent": 0.5,
            "fine_tune_learning_rate": 0.0005,
            "fine_tune_epochs": 15
        },
        "stage1_logs": {
            "accuracy": [
                0.6852936744689941,
                0.8672288060188293,
                0.896812915802002,
                0.9098184704780579,
                0.9246820211410522,
                0.9299699664115906,
                0.9335429668426514,
                0.9352579712867737,
                0.9356867074966431,
                0.9412605166435242,
                0.9431184530258179,
                0.9439759850502014,
                0.9449763894081116,
                0.9501214623451233,
                0.9478347897529602
            ],
            "loss": [
                1.122923731803894,
                0.5265184640884399,
                0.3942948877811432,
                0.33197301626205444,
                0.28933703899383545,
                0.25755634903907776,
                0.2395162284374237,
                0.22777993977069855,
                0.21738073229789734,
                0.20778504014015198,
                0.19668570160865784,
                0.1883000135421753,
                0.18378566205501556,
                0.17088443040847778,
                0.17299224436283112
            ],
            "val_accuracy": [
                0.8541805744171143,
                0.886956512928009,
                0.9070234298706055,
                0.9163879752159119,
                0.9237458109855652,
                0.9297658801078796,
                0.9344481825828552,
                0.9357859492301941,
                0.9404682517051697,
                0.9397993087768555,
                0.9404682517051697,
                0.9411371350288391,
                0.942474901676178,
                0.9458193778991699,
                0.9464883208274841
            ],
            "val_loss": [
                0.5943523049354553,
                0.4089220464229584,
                0.3229873478412628,
                0.2780708968639374,
                0.24900230765342712,
                0.22784289717674255,
                0.21172688901424408,
                0.20095553994178772,
                0.1924491822719574,
                0.1844210922718048,
                0.17718176543712616,
                0.17259997129440308,
                0.16964490711688995,
                0.162276491522789,
                0.1606699824333191
            ],
            "learning_rate": [
                0.0010000000474974513,
                0.0010000000474974513,
                0.0010000000474974513,
                0.0010000000474974513,
                0.0010000000474974513,
                0.0010000000474974513,
                0.0010000000474974513,
                0.0010000000474974513,
                0.0010000000474974513,
                0.0010000000474974513,
                0.0010000000474974513,
                0.0010000000474974513,
                0.0010000000474974513,
                0.0010000000474974513,
                0.0010000000474974513
            ]
        },
        "stage2_logs": {
            "accuracy": [
                0.9388309121131897,
                0.991853654384613,
                0.9928540587425232,
                0.992139458656311,
                0.9947119951248169,
                0.9972845315933228,
                0.9984278678894043,
                0.9995712637901306,
                0.9992853999137878,
                0.9998570680618286,
                0.9994283318519592,
                0.9995712637901306,
                0.9998570680618286,
                0.9997141361236572,
                0.9994283318519592
            ],
            "loss": [
                0.19508744776248932,
                0.027078518643975258,
                0.02581094577908516,
                0.022442320361733437,
                0.016701871529221535,
                0.0087943309918046,
                0.006071015726774931,
                0.0027344366535544395,
                0.0026177556719630957,
                0.0010625605937093496,
                0.0029280418530106544,
                0.001618391484953463,
                0.0008223042823374271,
                0.0010072272270917892,
                0.0015875936951488256
            ],
            "val_accuracy": [
                0.9739130139350891,
                0.9852842688560486,
                0.9826086759567261,
                0.9919732213020325,
                0.9886287450790405,
                0.9866220951080322,
                0.9933110475540161,
                0.9933110475540161,
                0.9926421642303467,
                0.9939799308776855,
                0.9939799308776855,
                0.9926421642303467,
                0.9926421642303467,
                0.9933110475540161,
                0.9926421642303467
            ],
            "val_loss": [
                0.07549570500850677,
                0.059403058141469955,
                0.05062434822320938,
                0.03495865315198898,
                0.03928274288773537,
                0.05170318856835365,
                0.0302457083016634,
                0.03013485111296177,
                0.030100638046860695,
                0.02340647391974926,
                0.024011842906475067,
                0.024408655241131783,
                0.024290617555379868,
                0.025408677756786346,
                0.02547295019030571
            ],
            "learning_rate": [
                0.0005000000237487257,
                0.0005000000237487257,
                0.0005000000237487257,
                0.0005000000237487257,
                0.0005000000237487257,
                0.0005000000237487257,
                0.00010000000474974513,
                0.00010000000474974513,
                0.00010000000474974513,
                0.00010000000474974513,
                0.00010000000474974513,
                0.00010000000474974513,
                2.0000001313746907e-05,
                2.0000001313746907e-05,
                4.000000444648322e-06
            ]
        },
        "test_metrics": {
            "loss": 0.020355021581053734,
            "compile_metrics": 0.9940318465232849
        },
        "timestamp": "2025-08-28T16:34:46.440438",
        "training_type": "two_stage"
    }
}